run_number,arrivals,mean_wait_time,mean_time_with_doctor,mean_utilisation_tw,mean_queue_length,mean_time_in_system,mean_patients_in_system,unseen_count,unseen_wait_time,scenario,interarrival_time,number_of_doctors
0,5176,18.43035861982928,9.853631344843015,0.8437191162667594,4.73192143929743,28.28510533854993,7.263078788097719,0,,0,4,3
1,5077,13.655535616455882,10.057051461831671,0.8437472314003434,3.4390012792541294,23.702126969536504,5.970242973455192,4,12.656712026488094,0,4,3
2,5144,20.839376465142653,10.02616387373688,0.8527544141286788,5.317348836145531,30.86554033887952,7.87561207853154,0,,0,4,3
3,4983,11.927174080436435,9.905927068679846,0.8187959282399113,2.9824562044803797,21.822719188536286,5.438843989200125,4,16.42823697348831,0,4,3
4,4965,11.272876198790255,9.97002736980012,0.8178796040885863,2.775703362148334,21.244491072739937,5.229342174414108,2,5.447603157161211,0,4,3
5,5055,11.99883026977314,9.976158885189049,0.8342819077254945,3.0126895655436323,21.975771242074458,5.515535288720102,0,,0,4,3
6,5103,19.628380014810215,10.163423145840538,0.8574418465532626,4.968433691248841,29.794635581911947,7.540759230908649,0,,0,4,3
7,4970,14.50508275623946,10.093432432559721,0.8294986884934693,3.5759969393886104,24.601019209213362,6.064493004869013,0,,0,4,3
8,4973,10.352237838909113,10.062244790050539,0.8254576209076889,2.553108236260746,20.400099136697076,5.029481098983833,6,8.516116192515861,0,4,3
9,4955,12.769865701134659,10.194966170385175,0.836081480925738,3.1395192797679363,22.968615832103918,5.64776372254517,1,0.03066770419536624,0,4,3
10,5094,19.748195142345864,10.232879540811792,0.8615586701072953,4.9890714072374545,29.982577911627242,7.573747417559324,1,2.1217099395071273,0,4,3
11,5021,13.496419537412297,9.896360022244565,0.8201760221677995,3.376196075600145,23.360275337546863,5.83672414210356,13,35.54499242282607,0,4,3
12,5128,12.926467188648964,9.909320603191242,0.8395175275011404,3.28745491331522,22.831919637798446,5.806007495818663,1,0.6200959525012877,0,4,3
13,5006,12.949332991600382,10.058402732930453,0.8295036719662748,3.2259723432973946,22.98732444129634,5.714483359196217,22,21.72729746938785,0,4,3
14,5120,20.96496803519636,10.04620968582138,0.8500312443872329,5.324646633206926,30.992703691649627,7.8747403663686555,4,21.750742483200156,0,4,3
0,5176,2.150944293089972,9.853631344843015,0.6327893372000698,0.5522464117576237,12.002545231264394,3.083403760557909,0,,1,4,4
1,5077,2.3130159904153214,10.057999289699298,0.6329765395284231,0.5824991162370331,12.358905566535425,3.114405274350733,0,,1,4,4
2,5144,3.0047768341041237,10.02616387373688,0.6395658105965081,0.7666950414003776,13.030940707840992,3.324958283786414,0,,1,4,4
3,4983,2.097164623146879,9.906484012287244,0.6124722326464538,0.5183616724772271,12.002220429305615,2.968250603063046,0,,1,4,4
4,4965,1.974620749272503,9.969900180612195,0.6136008798538103,0.4863091279830346,11.941901276899245,2.9407126473982745,0,,1,4,4
5,5055,2.0166424302179013,9.976158885189049,0.6251414310490262,0.5057380185198632,11.988154873230574,3.0063037427159753,0,,1,4,4
6,5103,2.7393195077964063,10.163423145840538,0.6431743459679742,0.6933902504109654,12.901538164799959,3.2660876342828624,0,,1,4,4
7,4970,2.4006457361618585,10.093432432559721,0.6221521414479843,0.5918258585676804,12.492732008581042,3.08043442435962,0,,1,4,4
8,4973,1.7740347407230623,10.061772720639391,0.6196848055026459,0.43753685256406794,11.818344517705127,2.9162760745746454,1,0.24221681654307758,1,4,4
9,4955,2.264237444342673,10.193098514786547,0.6271644294465528,0.5569078222676924,12.460185678442606,3.0655655400539006,0,,1,4,4
10,5094,2.2739817909353706,10.233575130980812,0.6462831964913148,0.5745864703881338,12.506198687451391,3.1597192563533887,0,,1,4,4
11,5021,2.161826176812348,9.893326585467065,0.6167172428968148,0.5386211817939371,12.055152762279455,3.005490153381191,0,,1,4,4
12,5128,1.6599597252990106,9.90745469165059,0.6296279208005259,0.4222357872685182,11.557874367806594,2.9407474704706265,0,,1,4,4
13,5006,2.1930473202178913,10.062758971609886,0.6224969374581678,0.5509543811532817,12.229209705359036,3.040942130985959,13,12.104234938632894,1,4,4
14,5120,2.41688180671509,10.056911196896937,0.63853007420143,0.6138112524990704,12.465848893374872,3.1679315493047864,0,,1,4,4
0,5176,0.5077470112203974,9.853631344843015,0.5062314697600551,0.1303620302617449,10.359030423350013,2.661519379062025,0,,2,4,5
1,5077,0.6113456655816387,10.057999289699298,0.5063938633195889,0.15395842976974106,10.656428189398449,2.685927746367688,0,,2,4,5
2,5144,0.6449902353643113,10.02616387373688,0.5116526484772075,0.16457488942033816,10.671154109101177,2.722838131806375,0,,2,4,5
3,4983,0.5500298644847826,9.906484012287244,0.48997778611716286,0.1359523221591107,10.454775125730098,2.585841252744923,0,,2,4,5
4,4965,0.44907915316887453,9.969900180612195,0.490915724371007,0.11059910691882252,10.415841216534728,2.565177728773857,0,,2,4,5
5,5055,0.47910207477171807,9.976158885189049,0.5000531048649135,0.12013199345094419,10.449701489069756,2.6203975177755123,0,,2,4,5
6,5103,0.5925491040825985,10.163423145840538,0.5145684504170265,0.14998899197090776,10.754498598641792,2.7228312440560423,0,,2,4,5
7,4970,0.584787684506833,10.093432432559721,0.4977217131583873,0.14416640833328176,10.67614293516609,2.6327749741252124,0,,2,4,5
8,4973,0.4400750334093771,10.065642312959824,0.4958107685303001,0.10855620739805716,10.486007264693349,2.5876100500495602,0,,2,4,5
9,4955,0.5814203684216007,10.193098514786547,0.5017108158593099,0.14290366694092418,10.776349125294605,2.6514577462374764,0,,2,4,5
10,5094,0.5325670666285459,10.233575130980812,0.5170265571930527,0.1345682855856058,10.763757790649391,2.7197010715508627,0,,2,4,5
11,5021,0.5667155559349712,9.893326585467065,0.49336188746547377,0.14116447885822006,10.460042141402079,2.6079739161855913,0,,2,4,5
12,5128,0.393750769441194,9.90745469165059,0.5036712452774007,0.10015644571897038,10.290924216462424,2.618512672105973,0,,2,4,5
13,5006,0.5393814656383025,10.071146853558885,0.4986694370963903,0.13764387591106425,10.587191399761073,2.6309910613930168,9,8.845706063606485,2,4,5
14,5120,0.5670786137488495,10.056911196896937,0.5108348744875602,0.1440199653965332,10.616034286588246,2.698194337834332,0,,2,4,5
0,4048,4.155456802271765,9.908492340625259,0.6632072702010707,0.8343893420434575,14.06252945874013,2.8240111526466674,0,,3,5,3
1,4038,4.764273084192769,9.976673387707303,0.6658658750729496,0.954188609935074,14.73786463437683,2.951786235153927,1,3.071935404885153,3,5,3
2,4054,6.2547565309056825,10.087097054500568,0.6770299269022856,1.2586262374819104,16.333939542590436,3.289716018188766,0,,3,5,3
3,4013,5.410426593427259,9.976294136062485,0.6616751758531192,1.0769862063206146,15.38537087129556,3.0620117338799746,0,,3,5,3
4,3941,3.662461486718333,10.022256536746408,0.653478504647983,0.7160038253348275,13.685141957949698,2.6764393392787733,0,,3,5,3
5,4078,4.412299212443008,10.012961127625521,0.6758436304550127,0.8934187367781896,14.42360042769953,2.9209496281432257,0,,3,5,3
6,4058,5.794168357815886,9.993199558298596,0.6707194330068992,1.166470782709779,15.787594414070018,3.1786290817304765,0,,3,5,3
7,3872,4.581308718113422,10.046771695002025,0.6420556349839592,0.879902150621784,14.620662929954209,2.8060690555736616,0,,3,5,3
8,3992,3.8757056020629737,9.996389359725816,0.6598571691891453,0.7674512283450095,13.875000172359425,2.7470227359124424,0,,3,5,3
9,3956,4.86095378812666,10.184734734154645,0.6664786808146531,0.9547572007633558,15.03904655810219,2.9541932432073157,0,,3,5,3
10,4095,4.631730873721623,10.156849754640572,0.687699665766951,0.9408203337247046,14.793417479479242,3.003919331025565,0,,3,5,3
11,3972,4.268839638280876,9.79517812516622,0.6430177222392546,0.8409287999543491,14.05543528175489,2.7699819666721104,1,1.5624034663196653,3,5,3
12,4057,3.9511001073095886,9.839401391527339,0.6608899050429203,0.795971986978824,13.789667546860537,2.7786417021075813,0,,3,5,3
13,3991,5.073785167866759,10.125999639262528,0.6681605808137614,1.004448249738088,15.18839550412489,3.008929992179373,1,4.392388428343111,3,5,3
14,4118,5.348572084524169,10.010592738584702,0.6823622197914139,1.099990656899637,15.342763360178353,3.1470773162738843,1,3.500287258946628,3,5,3
0,4048,0.813721967500004,9.908492340625259,0.4974034175917011,0.16339020458531828,10.719968892603216,2.153003874952124,0,,4,5,4
1,4038,0.9723198944343929,9.975666717922994,0.4994531350258577,0.1947533598078412,10.943645011547904,2.19256589991127,0,,4,5,4
2,4054,1.0956943666808354,10.087097054500568,0.5075207954004608,0.22033457155377514,11.172895022161683,2.250417753155619,0,,4,5,4
3,4013,1.2136948178372255,9.976294136062485,0.4962563818898397,0.2415951043641263,11.187593050896059,2.2266206319234825,0,,4,5,4
4,3941,0.7217175743932015,10.022256536746408,0.4899336188666522,0.14108576193867098,10.743340440886707,2.100820237405279,0,,4,5,4
5,4078,0.7737315956652933,10.012961127625521,0.5067276486864557,0.15672927903115882,10.782638949784285,2.183639873776984,0,,4,5,4
6,4058,1.0591585169027484,9.993199558298596,0.5029300721220472,0.21319768162655522,11.051417452170703,2.224917970114744,0,,4,5,4
7,3872,0.9864394687750102,10.046771695002025,0.4815417262379689,0.1894590090821845,11.02300623999858,2.11562591403406,0,,4,5,4
8,3992,0.7577124763237246,9.996389359725816,0.4948928768918589,0.15003909749426134,10.756225790512499,2.1296106050616976,0,,4,5,4
9,3956,0.9161712644723751,10.184734734154645,0.49984620287928594,0.1800311805005845,11.095304574165604,2.1794159920177294,0,,4,5,4
10,4095,0.8361593375307966,10.156849754640572,0.5157506544011669,0.16984486543594307,10.995139328935355,2.23284748304061,0,,4,5,4
11,3972,0.9013202881962973,9.794164455174922,0.48236873435641575,0.17758155678153237,10.696725389007986,2.1070564942071983,0,,4,5,4
12,4057,0.7456386263094498,9.839401391527339,0.49553646486855973,0.1501680780050854,10.583415764706306,2.1323139374793247,0,,4,5,4
13,3991,0.9764387985706909,10.128614970177248,0.5012067050671252,0.19330194668133074,11.09043922398726,2.198128766949833,0,,4,5,4
14,4118,0.9546575035612473,10.01001514072059,0.5114404429357111,0.1955980962444621,10.952698127126437,2.241359867987307,0,,4,5,4
0,4048,0.17666781379160726,9.908492340625259,0.39792273407336043,0.03547377530894971,10.082757324970009,2.0250874456757515,0,,5,5,5
1,4038,0.240211197282887,9.975666717922994,0.3995869949721433,0.04811373088434017,10.21142224645347,2.0460487057450547,0,,5,5,5
2,4054,0.25853410432553453,10.087097054500568,0.40600650008227857,0.05198895133609707,10.335321551384684,2.0820214517474884,0,,5,5,5
3,4013,0.3070851068408296,9.976294136062485,0.3970051055118715,0.06112760584088538,10.280757365395425,2.0461531334002405,0,,5,5,5
4,3941,0.13276815329751132,10.022256536746408,0.3919544141866271,0.02595432996753433,10.154284400284288,1.985726400900671,0,,5,5,5
5,4078,0.1590035934920152,10.012961127625521,0.4052718947734274,0.0321635245168868,10.16745838711861,2.0585229983840216,0,,5,5,5
6,4058,0.2498104176702112,9.993199558298596,0.4023440576976379,0.05028425966794231,10.241869858706165,2.0620045481561298,0,,5,5,5
7,3872,0.23043058309423586,10.046771695002025,0.385233380990375,0.04425730246730562,10.266411149443924,1.9704242074191813,0,,5,5,5
8,3992,0.17253586005015856,9.996389359725816,0.39591430151348733,0.034164838954376636,10.170902550180731,2.0137363465218123,0,,5,5,5
9,3956,0.2303554841459296,10.184734734154645,0.3998434794601614,0.045296113086074126,10.409315389090656,2.044513510386881,0,,5,5,5
10,4095,0.17786764834089475,10.156849754640572,0.4126005235209332,0.036129366069244245,10.33636502120499,2.0991319836739106,0,,5,5,5
11,3972,0.2248743817161727,9.794164455174922,0.38589498748513273,0.04430560735003164,10.020109136039197,1.9737805447756958,0,,5,5,5
12,4057,0.17105342336565862,9.839401391527339,0.39638813336181505,0.03442280449377366,10.008688898744037,2.0163634713028484,0,,5,5,5
13,3991,0.22911852174192493,10.128614970177248,0.400946234858265,0.04535773910079476,10.347350660894392,2.0500889133921207,0,,5,5,5
14,4118,0.2137020406707431,10.01001514072059,0.40884957061131805,0.04365203390288294,10.211022240839831,2.0878998869594705,0,,5,5,5
0,3386,1.8154091987355634,9.801118145790557,0.5471396865729087,0.306249745332966,11.579729014639403,1.9476688050516902,4,8.570238947229882,6,6,3
1,3351,2.57101474213942,10.164911261022594,0.5630734266647779,0.4273546825847816,12.737737696270738,2.1165749625791173,0,,6,6,3
2,3392,2.565854596890068,10.056969072485026,0.5648453186369649,0.4329709184383065,12.621660771717155,2.127506874349196,0,,6,6,3
3,3324,3.182431058786985,10.144808918331615,0.5575693098804416,0.5247222638595207,13.330561081095972,2.197430193500843,0,,6,6,3
4,3359,1.8602220808655838,9.962983386158307,0.5534830297900826,0.30998862330500904,11.823205467023895,1.9704377126752541,0,,6,6,3
5,3433,2.0696487822986884,9.96126285872319,0.5652428627560186,0.3524357276602876,12.02766635975991,2.0481643159283447,0,,6,6,3
6,3354,2.5455315863806276,9.808468376004774,0.5442453004343821,0.4243580626479134,12.33844830040929,2.0570939639510573,0,,6,6,3
7,3259,2.3894182425832073,10.01222662955084,0.5393003965638457,0.38626557800489447,12.397923461976438,2.004166767696432,0,,6,6,3
8,3327,1.93436040375154,9.995376152450369,0.549844848862473,0.31922703686911574,11.929736556201908,1.9687615834565335,0,,6,6,3
9,3296,1.7858766687482543,10.031347269796251,0.5465946368455542,0.2919766617159844,11.810652668937905,1.9317605722526474,0,,6,6,3
10,3422,1.9716840451121467,10.142177799779846,0.5740951637983239,0.3354964206399254,12.10321296504771,2.0577819120348937,2,5.36137372588928,6,6,3
11,3255,2.0607238204161344,9.731447553935814,0.5242611634507878,0.3327210335046884,11.788722825792831,1.9055045238570503,0,,6,6,3
12,3378,2.4429159139406593,10.006912559825274,0.558873693098285,0.40933382724660455,12.448256451991341,2.085954906541462,0,,6,6,3
13,3364,2.482058572098965,9.958541053317132,0.5534568073775809,0.41416890062206935,12.442228190213267,2.0745393227548106,0,,6,6,3
14,3460,2.8672873792309344,10.182875396315662,0.5810772193928467,0.49465140240155714,13.030923288009602,2.237883060580095,6,11.426944091957315,6,6,3
0,3386,0.3715118831662059,9.80936344616892,0.4108960179981503,0.06343969690364787,10.144219976598457,1.707023768896249,3,7.373196275422136,7,6,4
1,3351,0.4703580890739843,10.164911261022594,0.4222728833674079,0.07818303355589888,10.635826545353368,1.7672745670255305,0,,7,6,4
2,3392,0.5289795848872368,10.056969072485026,0.4235787395410537,0.08940960129564544,10.582982683575047,1.78372455945986,0,,7,6,4
3,3324,0.7053903408704196,10.144808918331615,0.4181730685203914,0.11630543120303942,10.852774940152644,1.788997705284605,0,,7,6,4
4,3359,0.31993568046999576,9.962983386158307,0.4151074180190401,0.05330674358624582,10.28291906662831,1.713736415662406,0,,7,6,4
5,3433,0.35771360336386104,9.96126285872319,0.423932147067014,0.060914226207744795,10.315232365213506,1.756642814475801,0,,7,6,4
6,3354,0.45522688666385447,9.808468376004774,0.4079777037537437,0.0757356635848496,10.247520187420905,1.7076464785998244,0,,7,6,4
7,3259,0.4539161578669013,10.01222662955084,0.40447529742288424,0.0733786090519956,10.461827300499941,1.6912797987435324,0,,7,6,4
8,3327,0.38790483418812083,9.995376152450369,0.4123836366468547,0.06401584242777172,10.383280986638486,1.7135503890151904,0,,7,6,4
9,3296,0.33427919778960496,10.031347269796251,0.40994597763416557,0.05465199582909414,10.358173839466229,1.6944359063657568,0,,7,6,4
10,3422,0.3659914291067677,10.139872050211338,0.43076323852177445,0.062195013446613226,10.498727938782496,1.7852479675337114,0,,7,6,4
11,3255,0.4276489431493587,9.731447553935814,0.39319587258809086,0.06904748561265688,10.155146081630766,1.64183097596502,0,,7,6,4
12,3378,0.4563251257699273,10.006912559825274,0.41915526982371376,0.07646162077633008,10.46107739293279,1.753082700071185,0,,7,6,4
13,3364,0.5012885655835407,9.958541053317132,0.41509260553318567,0.08364755628090433,10.459690165245137,1.7440179784136467,0,,7,6,4
14,3460,0.5419053736138223,10.181039103155054,0.43609635257489193,0.09367588759468422,10.70170427261646,1.8380612978942519,2,7.298555976118223,7,6,4
0,3386,0.07813985062613718,9.806736727917837,0.3290249640173068,0.013294262019087365,9.854369170626086,1.6584190821056213,1,3.5089279353269376,8,6,5
1,3351,0.07978747979323479,10.164911261022594,0.3378183066939263,0.013262293888250487,10.245022689963763,1.7023538273578822,0,,8,6,5
2,3392,0.12607303508416579,10.056969072485026,0.33884463213491983,0.0213031099549043,10.179719474093778,1.7155262706295036,0,,8,6,5
3,3324,0.1672429662518161,10.144808918331615,0.33453845481631317,0.027575179554614915,10.314465619288297,1.7002674536361808,0,,8,6,5
4,3359,0.05438316494794422,9.962983386158307,0.3320859344152321,0.009061163247030985,10.017366551106255,1.6694908353231912,0,,8,6,5
5,3433,0.06570383554471906,9.96126285872319,0.3391457176536112,0.011188554931796655,10.02313751296318,1.7069171431998527,0,,8,6,5
6,3354,0.10779487066416592,9.808468376004774,0.3263582803239591,0.0179337299706157,9.899984553164133,1.6497251315904111,0,,8,6,5
7,3259,0.09854754104848246,10.01222662955084,0.32358023793830737,0.015930874815327595,10.106349607985749,1.6338320645068645,0,,8,6,5
8,3327,0.07079317705951277,9.995376152450369,0.3299069093174838,0.011682981154613045,10.066169329509878,1.6612175277420318,0,,8,6,5
9,3296,0.07964904607213731,10.031347269796251,0.3279567821073325,0.013021986897508163,10.103389085349418,1.6528058974341706,0,,8,6,5
10,3422,0.06443071756900824,10.139872050211338,0.3445837685748959,0.01093660295243781,10.197096595388054,1.7338554458269178,0,,8,6,5
11,3255,0.09390440880938115,9.731447553935814,0.31455669807047265,0.015161649339014665,9.821298982897938,1.587945139691378,0,,8,6,5
12,3378,0.09862626307523224,10.006912559825274,0.33532421585897104,0.016525769675998735,10.10327260815853,1.6931468489708534,0,,8,6,5
13,3364,0.11313304266391172,9.958541053317132,0.3320740844265485,0.018877954142926538,10.07118817800871,1.6792483762756691,0,,8,6,5
14,3460,0.1251213400887447,10.176421297168648,0.3490508989028685,0.02147419824935797,10.284104687037791,1.7667286927637003,0,,8,6,5
0,2886,1.120455037823494,9.710275244999464,0.4635377775670798,0.16039847416461328,10.827118707777533,1.5510118068658527,0,,9,7,3
1,2854,1.7769513895512306,10.123911853344625,0.47843710854806987,0.2515584953263498,11.901895358293094,1.6868698209705595,0,,9,7,3
2,2920,1.5986531032134579,10.050703301502347,0.48488625799399165,0.23155094550512387,11.644919829381992,1.686209719487099,0,,9,7,3
3,2822,2.2707213250886746,10.279073645447232,0.47962212016289624,0.317855931517869,12.549794970535862,1.7567222920065577,0,,9,7,3
4,2919,0.9723530291662327,9.8066598101482,0.4731329662666383,0.14078861568136078,10.768462293311588,1.5601875144812758,0,,9,7,3
5,2917,1.3447812307971745,10.184620538344346,0.49124549300381537,0.1945797048727856,11.529401769141536,1.668316183884232,0,,9,7,3
6,2915,1.369191616480567,9.720294030018987,0.4684712891995171,0.19797587113297882,11.091470951851292,1.60338973873153,0,,9,7,3
7,2762,1.4146866347146594,9.990698412334924,0.4562272058783354,0.19381768279176037,11.408343383655154,1.5624993004267667,0,,9,7,3
8,2885,1.3303664330017848,9.94031310808058,0.4741473936735653,0.1903822995639955,11.26433645936187,1.6128244805846914,0,,9,7,3
9,2845,1.0780531251562588,10.062145810498487,0.4727854881774828,0.15213596929908516,11.127381250257532,1.5704924338315336,0,,9,7,3
10,2991,1.2370784157216228,10.179431438382085,0.5021072507874017,0.1835169105485153,11.396986142333056,1.689838662910721,1,0.8364536504159332,9,7,3
11,2821,1.415232759041928,9.788954955468164,0.4579026701404283,0.19803430621315868,11.204187714510075,1.5717423166344435,0,,9,7,3
12,2858,1.4511207278968132,10.087126116627351,0.4766700800482963,0.20571939684172086,11.538246844524162,1.6357296369866097,0,,9,7,3
13,2874,1.359077474713143,9.863662180923985,0.46876209229066257,0.19374943761535582,11.225190748592798,1.6000357144873436,0,,9,7,3
14,2925,1.1374936680834866,10.037051790088036,0.4852743676889198,0.16503814380675588,11.168176671394777,1.6208612468735153,0,,9,7,3
0,2886,0.23049547877945592,9.710275244999464,0.34765333317530994,0.03299652538479711,9.936850670550118,1.4236098580860368,0,,10,7,4
1,2854,0.36133307677811916,10.123911853344625,0.3588278314110524,0.05115300600817223,10.485780859640988,1.4864643316523818,0,,10,7,4
2,2920,0.31695689432487834,10.050703301502347,0.36366469349549374,0.045908439058960554,10.362345144681974,1.5005672130409355,0,,10,7,4
3,2822,0.509903847015367,10.279073645447232,0.3597165901221722,0.07137642144232964,10.788977492462555,1.5102427819310185,0,,10,7,4
4,2919,0.14358334212076454,9.8066598101482,0.3548497246999788,0.020789671411235697,9.939124371993207,1.440188570211151,0,,10,7,4
5,2917,0.2595891647123239,10.184620538344346,0.36843411975286156,0.037560594913980595,10.444209703056686,1.5112970739254268,0,,10,7,4
6,2915,0.2353116690070309,9.720294030018987,0.3513534668996378,0.03402447991842734,9.957201889776702,1.4394383475169785,0,,10,7,4
7,2762,0.2454850369725174,9.990698412334924,0.3421704044087516,0.033632424212206996,10.238718315576998,1.4023140418472135,0,,10,7,4
8,2885,0.2592047338756256,9.94031310808058,0.355610545255174,0.03709353458487995,10.192803344944751,1.459535715605576,0,,10,7,4
9,2845,0.19857909616038036,10.062145810498487,0.35458911613311206,0.02802368693334733,10.247288526904287,1.4463801514657955,0,,10,7,4
10,2991,0.20821717677955295,10.176582895713942,0.3766564026111707,0.030891744828752128,10.368932053960883,1.5375173552734351,0,,10,7,4
11,2821,0.30541123460696024,9.788954955468164,0.34342700260532116,0.04273636373146006,10.094366190075107,1.4164443741527448,0,,10,7,4
12,2858,0.3027503994825469,10.087126116627351,0.3575025600362222,0.04291967468854757,10.389876516109895,1.4729299148334365,0,,10,7,4
13,2874,0.2775337292368096,9.863662180923985,0.3515715692179969,0.03956507628108089,10.14327055210864,1.4458513531530686,0,,10,7,4
14,2925,0.19537252573499223,10.037051790088036,0.36395577576668986,0.028346460207085925,10.2250882588796,1.4841695632738454,0,,10,7,4
0,2886,0.044524264170092566,9.710275244999464,0.278122666540248,0.006373860436254323,9.750814994514549,1.396987193137494,0,,11,7,5
1,2854,0.06811189729134229,10.123911853344625,0.2870622651288419,0.009642428316939032,10.192456903715554,1.4449537539611486,0,,11,7,5
2,2920,0.07513446801219151,10.050703301502347,0.290931754796395,0.010882571755734089,10.120356973046249,1.465541345737709,0,,11,7,5
3,2822,0.10930931263014469,10.279073645447232,0.28777327209773773,0.015301134932652198,10.388382958077333,1.454167495421341,0,,11,7,5
4,2919,0.025020497076523252,9.8066598101482,0.283879779759983,0.0036227594725382626,9.820480236002759,1.4230216582724533,0,,11,7,5
5,2917,0.036811100570571,10.184620538344346,0.29474729580228926,0.005326288708549385,10.221431638914934,1.4790627677199955,0,,11,7,5
6,2915,0.04604863725990087,9.720294030018987,0.2810827735197102,0.006658322302212849,9.767873908464798,1.412072189900764,0,,11,7,5
7,2762,0.04825235062114316,9.990698412334924,0.2737363235270013,0.006610763512678443,10.041414193989713,1.375292381147685,0,,11,7,5
8,2885,0.04741822061991008,9.94031310808058,0.28448843620413916,0.006785791988513918,9.980943396698308,1.4292279730092097,0,,11,7,5
9,2845,0.04179875924446877,10.062145810498487,0.28367129290648957,0.005898684030283416,10.09039789780623,1.4242551485627313,0,,11,7,5
10,2991,0.031768572533071956,10.176582895713942,0.3013251220889366,0.0047132837523024915,10.19224716099094,1.5113388941969856,0,,11,7,5
11,2821,0.06417948459293882,9.788954955468164,0.27474160208425696,0.008980670934359147,9.853134440061085,1.3826886813556438,0,,11,7,5
12,2858,0.06642039614235709,10.087126116627351,0.2860020480289778,0.009416145445181377,10.153546512769704,1.4394263855900702,0,,11,7,5
13,2874,0.06219770403281545,9.863662180923985,0.28125725537439755,0.008866875068963869,9.927859575277356,1.4151531519409515,0,,11,7,5
14,2925,0.04335905687393395,10.037051790088036,0.2911646206133519,0.0062909345910841675,10.072918718695277,1.4621140376578436,0,,11,7,5
0,2533,0.8278128979749841,9.77819297686879,0.40934664144418736,0.10426341184678485,10.60254836084039,1.332303336179347,3,2.5279169848242113,12,8,3
1,2503,1.1556790544585671,10.078239959307828,0.4173387433982526,0.14348535085862069,11.233919013766386,1.3955015810533786,0,,12,8,3
2,2553,1.103813463511106,10.11768063965305,0.42688167201083627,0.13978352045356418,11.222923667396344,1.420428536486073,0,,12,8,3
3,2484,1.5132494598644177,10.406374049126704,0.4278988410710713,0.1864539513047229,11.92022261171664,1.4701504745179368,0,,12,8,3
4,2570,0.6762633454242053,9.67477053546942,0.4115537327557596,0.08667266123346058,10.344053474168735,1.3213338595007393,2,3.3463199264515424,12,8,3
5,2533,0.8271990754171229,9.972556192999116,0.41760103190829106,0.10393329652934387,10.794590881900513,1.3567363922542168,0,,12,8,3
6,2560,0.924091722903011,9.824118557655524,0.41614887717029064,0.11734498068609664,10.748210280558569,1.3657916121969687,0,,12,8,3
7,2438,0.8564497803380222,9.902158480519667,0.398930254214241,0.10357264704683027,10.7552293058774,1.3003634096895533,0,,12,8,3
8,2549,0.9539960168104221,10.050752929729585,0.4235158489632432,0.1206218178000876,11.00179019124891,1.391169364689817,0,,12,8,3
9,2474,0.6294454615145544,9.885712587001942,0.4045557362952097,0.07730219502763516,10.504694258936494,1.2909694039132644,0,,12,8,3
10,2629,0.802191469469994,10.146034439082257,0.440872213391895,0.10461117922800665,10.950690569944578,1.4272278194036918,0,,12,8,3
11,2500,1.0258867627858068,9.808552366609344,0.4064945072489627,0.12721810054387486,10.828867963579878,1.3467016222907626,0,,12,8,3
12,2466,1.027484261628128,10.212611508171111,0.41573503168770115,0.12568334271701206,11.231672845508372,1.3728884377801156,0,,12,8,3
13,2559,1.0008549172092425,9.82735033248483,0.4161415517589232,0.12704304231837554,10.820984130050467,1.3754676975951452,0,,12,8,3
14,2510,0.663922033646225,10.013158773350714,0.4153945686608728,0.08266092780019965,10.669672685665937,1.3288446337828181,0,,12,8,3
0,2533,0.15935830930608166,9.77549875414428,0.30707264382241567,0.0200225494777929,9.929153673306985,1.2483131247674557,0,,13,8,4
1,2503,0.2345142355201227,10.078239959307828,0.3130040575486895,0.029116524380300948,10.312754194827944,1.281132754575059,0,,13,8,4
2,2553,0.2050460366845386,10.11768063965305,0.3202118941218974,0.02596639541942595,10.324700286253679,1.3068139719070155,0,,13,8,4
3,2484,0.33306411561283894,10.406374049126704,0.32092413080330345,0.04103825710229622,10.739561961245064,1.32473478031551,0,,13,8,4
4,2570,0.1211600253225322,9.673279997161925,0.30870368253208935,0.015445499259866456,9.785321412351923,1.2502602293882237,0,,13,8,4
5,2533,0.16972380720352784,9.972556192999116,0.3132007739312183,0.021324920815800397,10.136596075742855,1.2741280165406736,0,,13,8,4
6,2560,0.1599650070003527,9.824118557655524,0.312111657877718,0.02031301676194955,9.98408356465591,1.2687596482728214,0,,13,8,4
7,2438,0.12958351411974045,9.902158480519667,0.29919769066068075,0.015670863463488453,10.028064776931904,1.2124616261062113,0,,13,8,4
8,2549,0.1590281114002594,10.050752929729585,0.3176368867224324,0.020107274601153833,10.206198047200811,1.2906548214908833,0,,13,8,4
9,2474,0.1024680892121209,9.885712587001942,0.30345213101771773,0.012574704995574757,9.978689989756361,1.2263832290664456,0,,13,8,4
10,2629,0.1216012515940359,10.146034439082257,0.33065416004392123,0.01585762353376589,10.269582201921779,1.3384742637094509,0,,13,8,4
11,2500,0.20848477512612154,9.808552366609344,0.304870880436722,0.0258537667567115,10.011138884288476,1.2453372885035996,0,,13,8,4
12,2466,0.21913622695872867,10.212611508171111,0.3118012737657759,0.026805056333344488,10.422340221271774,1.274010151396448,0,,13,8,4
13,2559,0.18129828005631257,9.82735033248483,0.3121061638191924,0.023013010846433726,10.001107103281763,1.2714376661232032,0,,13,8,4
14,2510,0.1188794990692679,10.013158773350714,0.3115459264956546,0.014800969378167777,10.12419550791946,1.2609846753607863,0,,13,8,4
0,2533,0.028838966342353837,9.77549875414428,0.24565811505793256,0.003623467348471343,9.798427894055456,1.231914042638134,0,,14,8,5
1,2503,0.03445540701123543,10.078239959307828,0.2504032460389516,0.0042778712177143985,10.112695366319056,1.2562941014124724,0,,14,8,5
2,2553,0.03960757694754413,10.11768063965305,0.2561728422775048,0.005015780949755961,10.157266562878032,1.2858799923372801,0,,14,8,5
3,2484,0.06363435876854762,10.406374049126704,0.2567393046426428,0.007840662062553188,10.470023694631607,1.291537185275767,0,,14,8,5
4,2570,0.02370897204589016,9.673279997161925,0.2469777305040315,0.0030224235197389743,9.688299225484316,1.2379110760398964,0,,14,8,5
5,2533,0.020118800181082024,9.972556192999116,0.25056061914497463,0.0025278234552917047,9.986872850619244,1.2553309191801647,0,,14,8,5
6,2560,0.023100658767226178,9.824118557655524,0.2496893263021744,0.0029334169863144354,9.847219216422783,1.2513800484971864,0,,14,8,5
7,2438,0.0206679991631277,9.902158480519667,0.2393581525285446,0.0024994336289536376,9.91910456951942,1.1992901962716767,0,,14,8,5
8,2549,0.021208105153184408,10.050752929729585,0.2541095093779459,0.002681520835092612,10.068269819511846,1.2732290677248221,0,,14,8,5
9,2474,0.02238254120260147,9.885712587001942,0.2427617048141742,0.002746746375755756,9.898539647614149,1.2165552704466267,0,,14,8,5
10,2629,0.015547434528853654,10.146034439082257,0.264523328035137,0.0020274903460494177,10.163447643465606,1.3246441305217345,0,,14,8,5
11,2500,0.04498778537100079,9.808552366609344,0.2438967043493776,0.005578842431919741,9.847576469567468,1.2250623641788077,0,,14,8,5
12,2466,0.046261410677922575,10.212611508171111,0.2494410190126207,0.005658761841853029,10.249254838832282,1.2528638569049566,0,,14,8,5
13,2559,0.03426111941066404,9.82735033248483,0.24968493105535391,0.004348918877573873,9.854012461337971,1.2527735741543435,0,,14,8,5
14,2510,0.02003937402811402,10.013158773350714,0.2492367411965237,0.002494981587825704,10.025276563001878,1.248678687570444,0,,14,8,5
