run_number,arrivals,mean_wait_time,mean_time_with_doctor,mean_utilisation_tw,mean_queue_length,mean_time_in_system,mean_patients_in_system,unseen_count,unseen_wait_time,scenario,interarrival_time
0,5176,18.43035861982928,9.853631344843015,0.8437191162667594,4.73192143929743,28.28510533854993,7.263078788097719,0,,0,4.0
1,5077,13.655535616455882,10.057051461831671,0.8437472314003434,3.4390012792541294,23.702126969536504,5.970242973455192,4,12.656712026488094,0,4.0
2,5144,20.839376465142653,10.02616387373688,0.8527544141286788,5.317348836145531,30.86554033887952,7.87561207853154,0,,0,4.0
3,4983,11.927174080436435,9.905927068679846,0.8187959282399113,2.9824562044803797,21.822719188536286,5.438843989200125,4,16.42823697348831,0,4.0
4,4965,11.272876198790255,9.97002736980012,0.8178796040885863,2.775703362148334,21.244491072739937,5.229342174414108,2,5.447603157161211,0,4.0
5,5055,11.99883026977314,9.976158885189049,0.8342819077254945,3.0126895655436323,21.975771242074458,5.515535288720102,0,,0,4.0
6,5103,19.628380014810215,10.163423145840538,0.8574418465532626,4.968433691248841,29.794635581911947,7.540759230908649,0,,0,4.0
7,4970,14.50508275623946,10.093432432559721,0.8294986884934693,3.5759969393886104,24.601019209213362,6.064493004869013,0,,0,4.0
8,4973,10.352237838909113,10.062244790050539,0.8254576209076889,2.553108236260746,20.400099136697076,5.029481098983833,6,8.516116192515861,0,4.0
9,4955,12.769865701134659,10.194966170385175,0.836081480925738,3.1395192797679363,22.968615832103918,5.64776372254517,1,0.03066770419536624,0,4.0
10,5094,19.748195142345864,10.232879540811792,0.8615586701072953,4.9890714072374545,29.982577911627242,7.573747417559324,1,2.1217099395071273,0,4.0
11,5021,13.496419537412297,9.896360022244565,0.8201760221677995,3.376196075600145,23.360275337546863,5.83672414210356,13,35.54499242282607,0,4.0
12,5128,12.926467188648964,9.909320603191242,0.8395175275011404,3.28745491331522,22.831919637798446,5.806007495818663,1,0.6200959525012877,0,4.0
13,5006,12.949332991600382,10.058402732930453,0.8295036719662748,3.2259723432973946,22.98732444129634,5.714483359196217,22,21.72729746938785,0,4.0
14,5120,20.96496803519636,10.04620968582138,0.8500312443872329,5.324646633206926,30.992703691649627,7.8747403663686555,4,21.750742483200156,0,4.0
0,4553,7.696752229089913,9.853974236429082,0.7419742995338053,1.7382595684050781,17.552756165210752,3.964182467006502,0,,1,4.5
1,4513,8.305766032503115,10.062743750454358,0.751713319861073,1.8595740006429058,18.368509782957435,4.114713960226131,0,,1,4.5
2,4550,10.886272450125249,10.118625168013274,0.7597029855486784,2.460450648094181,20.980017742667776,4.739559604740204,7,20.728566025916994,1,4.5
3,4453,8.279631471409855,9.921019372547873,0.732381244466414,1.833307066246747,18.20548688946802,4.030450799645986,0,,1,4.5
4,4435,6.2388401901452895,10.079025508910025,0.7379325490715958,1.3733891709280595,16.303352189546306,3.5871868181428477,6,9.283747292698536,1,4.5
5,4513,7.052026613180881,9.950749779909312,0.7436485658666351,1.5809707445085863,17.002776393090212,3.811916442108488,0,,1,4.5
6,4537,9.73711942468809,10.186289779014572,0.7643380571289177,2.191334862589778,19.919654050291285,4.484349033976529,0,,1,4.5
7,4358,7.4184384628999,10.075835835895283,0.7256162309494203,1.6030953426339745,17.49356211701211,3.77994403548223,2,1.8420815544814104,1,4.5
8,4404,5.861057661045144,10.066137570995773,0.7325410774258946,1.2808272949143011,15.920019094878832,3.4784505271919746,3,8.987833070876755,1,4.5
9,4359,7.153966365937104,10.16380732886569,0.7322564451698553,1.5466176927447326,17.31742990887089,3.7433870282542974,1,2.8272629799103015,1,4.5
10,4538,8.263566558567321,10.166524201882329,0.7629290758546843,1.8600410695101426,18.42715892701649,4.148828297074184,1,6.626485104534368,1,4.5
11,4432,6.512316043204308,9.83079495333281,0.720484010243672,1.431675828545709,16.34316852970006,3.593127859276726,0,,1,4.5
12,4573,6.349712525179289,9.864092059611478,0.7453157812858476,1.440339056430798,16.21423065453673,3.6762864002883298,0,,1,4.5
13,4425,8.3485887104096,10.203854593384426,0.7456740335166191,1.8348995325102693,18.533077587590984,4.071921633060114,9,12.270514760488973,1,4.5
14,4571,8.990702503771656,10.079177331874398,0.7607278071240231,2.037124316843536,19.0634633279251,4.319307738215579,5,3.3757190688411356,1,4.5
0,4048,4.155456802271765,9.908492340625259,0.6632072702010707,0.8343893420434575,14.06252945874013,2.8240111526466674,0,,2,5.0
1,4038,4.764273084192769,9.976673387707303,0.6658658750729496,0.954188609935074,14.73786463437683,2.951786235153927,1,3.071935404885153,2,5.0
2,4054,6.2547565309056825,10.087097054500568,0.6770299269022856,1.2586262374819104,16.333939542590436,3.289716018188766,0,,2,5.0
3,4013,5.410426593427259,9.976294136062485,0.6616751758531192,1.0769862063206146,15.38537087129556,3.0620117338799746,0,,2,5.0
4,3941,3.662461486718333,10.022256536746408,0.653478504647983,0.7160038253348275,13.685141957949698,2.6764393392787733,0,,2,5.0
5,4078,4.412299212443008,10.012961127625521,0.6758436304550127,0.8934187367781896,14.42360042769953,2.9209496281432257,0,,2,5.0
6,4058,5.794168357815886,9.993199558298596,0.6707194330068992,1.166470782709779,15.787594414070018,3.1786290817304765,0,,2,5.0
7,3872,4.581308718113422,10.046771695002025,0.6420556349839592,0.879902150621784,14.620662929954209,2.8060690555736616,0,,2,5.0
8,3992,3.8757056020629737,9.996389359725816,0.6598571691891453,0.7674512283450095,13.875000172359425,2.7470227359124424,0,,2,5.0
9,3956,4.86095378812666,10.184734734154645,0.6664786808146531,0.9547572007633558,15.03904655810219,2.9541932432073157,0,,2,5.0
10,4095,4.631730873721623,10.156849754640572,0.687699665766951,0.9408203337247046,14.793417479479242,3.003919331025565,0,,2,5.0
11,3972,4.268839638280876,9.79517812516622,0.6430177222392546,0.8409287999543491,14.05543528175489,2.7699819666721104,1,1.5624034663196653,2,5.0
12,4057,3.9511001073095886,9.839401391527339,0.6608899050429203,0.795971986978824,13.789667546860537,2.7786417021075813,0,,2,5.0
13,3991,5.073785167866759,10.125999639262528,0.6681605808137614,1.004448249738088,15.18839550412489,3.008929992179373,1,4.392388428343111,2,5.0
14,4118,5.348572084524169,10.010592738584702,0.6823622197914139,1.099990656899637,15.342763360178353,3.1470773162738843,1,3.500287258946628,2,5.0
0,3721,2.883101671189783,9.865672444297324,0.6058357614632,0.5329792944562479,12.72704910329727,2.350486578845844,4,7.093416106383302,3,5.5
1,3665,3.3667521406307492,10.07913724090987,0.6109218371375634,0.6120608430263738,13.444522526267033,2.4448263544390656,0,,3,5.5
2,3696,3.6259832674675123,10.096262738857607,0.6170322656717596,0.6647635990357106,13.724894032462874,2.5158603960509884,0,,3,5.5
3,3653,4.190117230896592,10.13627197764671,0.6122522103906248,0.7592509049833954,14.32638920854331,2.5960075361552746,0,,3,5.5
4,3624,2.4708030407068913,9.952263245117258,0.5968792487403908,0.4441634237204521,12.423066285824165,2.2348011699416266,0,,3,5.5
5,3745,2.997266945697104,9.981934717105283,0.6181841923969714,0.5567839638708162,12.978521266009444,2.4113365410617313,0,,3,5.5
6,3694,3.5892627877093033,9.870129641732854,0.6031126503909771,0.6576754334225281,13.456512788439744,2.4670133845954587,0,,3,5.5
7,3542,3.3536984240938144,9.989853879586779,0.5849111923780198,0.5892261814553715,13.34231342824731,2.34395975858943,0,,3,5.5
8,3634,2.4831412881916894,9.932982645823,0.597435796057951,0.4491994620147723,12.41134108720348,2.2415068501886233,1,5.068008281828952,3,5.5
9,3602,2.7632260725757556,9.987117706106986,0.5952171242726383,0.493632033093183,12.748793580776896,2.279283405911102,1,1.2446998132727458,3,5.5
10,3742,3.127179263777479,10.27626958646762,0.6365483880321756,0.5804516272348872,13.405284366907624,2.490096791331417,0,,3,5.5
11,3571,2.8999382592121754,9.808377896412935,0.5791784649013777,0.5136745795459662,12.708316155625072,2.2512099742500964,0,,3,5.5
12,3675,3.2533367279763836,10.053179074264929,0.6108588020497634,0.5930561743706949,13.30399482948884,2.4256325805199825,0,,3,5.5
13,3632,3.4537554258819574,9.991077578769495,0.5999679326481225,0.6222241918057178,13.448604272618764,2.422127989750085,0,,3,5.5
14,3771,4.124465185549516,10.132984142891125,0.631691214169397,0.7714959431898425,14.253720042687668,2.6665695856980323,0,,3,5.5
0,3386,1.8154091987355634,9.801118145790557,0.5471396865729087,0.306249745332966,11.579729014639403,1.9476688050516902,4,8.570238947229882,4,6.0
1,3351,2.57101474213942,10.164911261022594,0.5630734266647779,0.4273546825847816,12.737737696270738,2.1165749625791173,0,,4,6.0
2,3392,2.565854596890068,10.056969072485026,0.5648453186369649,0.4329709184383065,12.621660771717155,2.127506874349196,0,,4,6.0
3,3324,3.182431058786985,10.144808918331615,0.5575693098804416,0.5247222638595207,13.330561081095972,2.197430193500843,0,,4,6.0
4,3359,1.8602220808655838,9.962983386158307,0.5534830297900826,0.30998862330500904,11.823205467023895,1.9704377126752541,0,,4,6.0
5,3433,2.0696487822986884,9.96126285872319,0.5652428627560186,0.3524357276602876,12.02766635975991,2.0481643159283447,0,,4,6.0
6,3354,2.5455315863806276,9.808468376004774,0.5442453004343821,0.4243580626479134,12.33844830040929,2.0570939639510573,0,,4,6.0
7,3259,2.3894182425832073,10.01222662955084,0.5393003965638457,0.38626557800489447,12.397923461976438,2.004166767696432,0,,4,6.0
8,3327,1.93436040375154,9.995376152450369,0.549844848862473,0.31922703686911574,11.929736556201908,1.9687615834565335,0,,4,6.0
9,3296,1.7858766687482543,10.031347269796251,0.5465946368455542,0.2919766617159844,11.810652668937905,1.9317605722526474,0,,4,6.0
10,3422,1.9716840451121467,10.142177799779846,0.5740951637983239,0.3354964206399254,12.10321296504771,2.0577819120348937,2,5.36137372588928,4,6.0
11,3255,2.0607238204161344,9.731447553935814,0.5242611634507878,0.3327210335046884,11.788722825792831,1.9055045238570503,0,,4,6.0
12,3378,2.4429159139406593,10.006912559825274,0.558873693098285,0.40933382724660455,12.448256451991341,2.085954906541462,0,,4,6.0
13,3364,2.482058572098965,9.958541053317132,0.5534568073775809,0.41416890062206935,12.442228190213267,2.0745393227548106,0,,4,6.0
14,3460,2.8672873792309344,10.182875396315662,0.5810772193928467,0.49465140240155714,13.030923288009602,2.237883060580095,6,11.426944091957315,4,6.0
0,3143,1.4710504208479611,9.71060282173244,0.5044773025902497,0.2293408468613662,11.181117051566426,1.7427727546321155,0,,5,6.5
1,3073,2.1376695510797825,10.0925323938884,0.5126278704800504,0.3258461572652863,12.225525949784346,1.8637297687054368,0,,5,6.5
2,3152,2.0743839129477335,10.108259191678426,0.5265829049991262,0.32432827845293927,12.185270950934353,1.9040769934503172,0,,5,6.5
3,3028,2.564140634223322,10.13312594665852,0.5070702514394057,0.3851298531958442,12.694229133801738,1.9063406075140605,0,,5,6.5
4,3135,1.3209319974162193,9.850218292263994,0.5111832219900274,0.20541278828868292,11.17464205404277,1.7389624542587652,0,,5,6.5
5,3163,1.7422810613343431,10.029578253212344,0.524470520810481,0.2733549105655024,11.771881010678856,1.8467664729969449,0,,5,6.5
6,3131,1.7977294587042298,9.678657641927847,0.5007348722065438,0.2792009392461777,11.463818889048012,1.781405555865809,0,,5,6.5
7,2996,1.8462864537144692,9.965089506501924,0.4942130116847762,0.27437868131590026,11.812722687418585,1.757017716370229,0,,5,6.5
8,3126,1.5807251063484036,9.888956221169733,0.5117210428285853,0.24510648226414236,11.469681327518147,1.7802696107498983,0,,5,6.5
9,3060,1.3097376730307504,9.967611614619576,0.504406802069754,0.19879946822788175,11.277349287650326,1.7120198744371435,0,,5,6.5
10,3165,1.548205741364574,10.155883905784146,0.5315103425447729,0.24305908588387284,11.703792080306295,1.8375901135181922,0,,5,6.5
11,3028,1.6563123433223363,9.841376944536444,0.49293671981747383,0.2487754848998033,11.497689287858801,1.727585644352225,0,,5,6.5
12,3090,1.8405754313439602,10.139978010939066,0.5172845302728839,0.28222173768511694,11.968143559953258,1.8340753285037685,2,2.9466498709043663,5,6.5
13,3121,1.6817194909369308,9.917251342507713,0.5111264035172088,0.2603495303181627,11.575747091426363,1.7937287408697893,0,,5,6.5
14,3154,1.565501958131033,10.02304046507538,0.5226962570576682,0.24492029642585703,11.58854242320642,1.8130090675988615,0,,5,6.5
0,2886,1.120455037823494,9.710275244999464,0.4635377775670798,0.16039847416461328,10.827118707777533,1.5510118068658527,0,,6,7.0
1,2854,1.7769513895512306,10.123911853344625,0.47843710854806987,0.2515584953263498,11.901895358293094,1.6868698209705595,0,,6,7.0
2,2920,1.5986531032134579,10.050703301502347,0.48488625799399165,0.23155094550512387,11.644919829381992,1.686209719487099,0,,6,7.0
3,2822,2.2707213250886746,10.279073645447232,0.47962212016289624,0.317855931517869,12.549794970535862,1.7567222920065577,0,,6,7.0
4,2919,0.9723530291662327,9.8066598101482,0.4731329662666383,0.14078861568136078,10.768462293311588,1.5601875144812758,0,,6,7.0
5,2917,1.3447812307971745,10.184620538344346,0.49124549300381537,0.1945797048727856,11.529401769141536,1.668316183884232,0,,6,7.0
6,2915,1.369191616480567,9.720294030018987,0.4684712891995171,0.19797587113297882,11.091470951851292,1.60338973873153,0,,6,7.0
7,2762,1.4146866347146594,9.990698412334924,0.4562272058783354,0.19381768279176037,11.408343383655154,1.5624993004267667,0,,6,7.0
8,2885,1.3303664330017848,9.94031310808058,0.4741473936735653,0.1903822995639955,11.26433645936187,1.6128244805846914,0,,6,7.0
9,2845,1.0780531251562588,10.062145810498487,0.4727854881774828,0.15213596929908516,11.127381250257532,1.5704924338315336,0,,6,7.0
10,2991,1.2370784157216228,10.179431438382085,0.5021072507874017,0.1835169105485153,11.396986142333056,1.689838662910721,1,0.8364536504159332,6,7.0
11,2821,1.415232759041928,9.788954955468164,0.4579026701404283,0.19803430621315868,11.204187714510075,1.5717423166344435,0,,6,7.0
12,2858,1.4511207278968132,10.087126116627351,0.4766700800482963,0.20571939684172086,11.538246844524162,1.6357296369866097,0,,6,7.0
13,2874,1.359077474713143,9.863662180923985,0.46876209229066257,0.19374943761535582,11.225190748592798,1.6000357144873436,0,,6,7.0
14,2925,1.1374936680834866,10.037051790088036,0.4852743676889198,0.16503814380675588,11.168176671394777,1.6208612468735153,0,,6,7.0
